,acc,loss,val_acc,val_loss
0,0.45455799229292027,1.350914881880769,0.5099856562334536,1.2297340338427172
